time,vehicle_id,speed_mph,lane,radar_dist,radar_attacked,camera_dist,camera_attacked,lidar_dist,lidar_attacked,belief_dist,obstacle_present,belief_source,reacting_to,collision,severity,roundabout_confused,roundabout_excursion_remaining
0.0,lead,44.74000000000001,0,85.0,False,85.0,False,,False,85.0,True,weighted,hazard:pedestrian_crossing,False,,False,0.0
0.1,lead,44.74000000000001,0,82.99994304,False,82.99994304,False,,False,82.99994304,True,weighted,hazard:pedestrian_crossing,False,,False,0.0
0.2,lead,44.74000000000001,0,80.99988608000001,False,80.99988608000001,False,,False,80.99988608000001,True,weighted,hazard:pedestrian_crossing,False,,False,0.0
0.30000000000000004,lead,44.74000000000001,0,78.99982912000002,False,78.99982912000002,False,78.99982912000002,False,78.99982912000002,True,weighted,hazard:pedestrian_crossing,False,,False,0.0
0.4,lead,44.74000000000001,0,76.99977216000002,False,76.99977216000002,False,76.99977216000002,False,76.99977216000002,True,weighted,hazard:pedestrian_crossing,False,,False,0.0
0.5,lead,44.74000000000001,0,74.99971520000003,False,74.99971520000003,False,74.99971520000003,False,74.99971520000003,True,weighted,hazard:pedestrian_crossing,False,,False,0.0
0.6,lead,44.74000000000001,0,72.99965824000003,False,72.99965824000003,False,72.99965824000003,False,72.99965824000003,True,weighted,hazard:pedestrian_crossing,False,,False,0.0
0.7,lead,44.74000000000001,0,70.99960128000004,False,70.99960128000004,False,70.99960128000004,False,70.99960128000004,True,weighted,hazard:pedestrian_crossing,False,,False,0.0
0.7999999999999999,lead,44.74000000000001,0,68.99954432000004,False,68.99954432000004,False,68.99954432000004,False,68.99954432000004,True,weighted,hazard:pedestrian_crossing,False,,False,0.0
0.8999999999999999,lead,44.74000000000001,0,66.99948736000005,False,66.99948736000005,False,66.99948736000005,False,66.99948736000005,True,weighted,hazard:pedestrian_crossing,False,,False,0.0
0.9999999999999999,lead,44.705406381498335,0,65.0002036365608,False,65.0002036365608,False,65.0002036365608,False,65.0002036365608,True,weighted,hazard:pedestrian_crossing,False,,False,0.0
1.0999999999999999,lead,44.618079263747816,0,63.003645085418256,False,63.003645085418256,False,63.003645085418256,False,63.00364508541825,True,weighted,hazard:pedestrian_crossing,False,,False,0.0
1.2,lead,44.48128599590052,0,61.0120960731346,False,61.0120960731346,False,61.0120960731346,False,61.01209607313459,True,weighted,hazard:pedestrian_crossing,False,,False,0.0
1.3,lead,44.297845685040805,0,200.0,True,59.0277049218022,False,59.0277049218022,False,106.01846994786813,True,weighted,hazard:pedestrian_crossing,False,,False,0.0
1.4000000000000001,lead,44.74000000000001,0,200.0,True,57.03753099505016,False,57.03753099505016,False,104.69168733003342,True,weighted,hazard:pedestrian_crossing,False,,False,0.0
1.5000000000000002,lead,44.74000000000001,0,200.0,True,55.03747403505017,False,55.03747403505017,False,103.35831602336678,True,weighted,hazard:pedestrian_crossing,False,,False,0.0
1.6000000000000003,lead,44.74000000000001,0,200.0,True,53.03741707505017,False,53.03741707505017,False,102.02494471670012,True,weighted,hazard:pedestrian_crossing,False,,False,0.0
1.7000000000000004,lead,44.74000000000001,0,200.0,True,51.03736011505018,False,51.03736011505018,False,100.69157341003346,True,weighted,hazard:pedestrian_crossing,False,,False,0.0
1.8000000000000005,lead,44.74000000000001,0,200.0,True,49.03730315505018,False,49.03730315505018,False,99.35820210336679,True,weighted,hazard:pedestrian_crossing,False,,False,0.0
1.9000000000000006,lead,44.74000000000001,0,200.0,True,47.03724619505019,False,47.03724619505019,False,98.02483079670013,True,weighted,hazard:pedestrian_crossing,False,,False,0.0
2.0000000000000004,lead,44.74000000000001,0,200.0,True,45.03718923505019,False,45.03718923505019,False,96.69145949003347,True,weighted,hazard:pedestrian_crossing,False,,False,0.0
2.1000000000000005,lead,44.74000000000001,0,200.0,True,43.0371322750502,False,43.0371322750502,False,95.3580881833668,True,weighted,hazard:pedestrian_crossing,False,,False,0.0
2.2000000000000006,lead,44.74000000000001,0,200.0,True,41.0370753150502,False,41.0370753150502,False,94.02471687670014,True,weighted,hazard:pedestrian_crossing,False,,False,0.0
2.3000000000000007,lead,44.74000000000001,0,200.0,True,39.03701835505021,False,39.03701835505021,False,92.69134557003348,True,weighted,hazard:pedestrian_crossing,False,,False,0.0
2.400000000000001,lead,44.74000000000001,0,200.0,True,37.03696139505021,False,37.03696139505021,False,91.35797426336681,True,weighted,hazard:pedestrian_crossing,False,,False,0.0
2.500000000000001,lead,44.74000000000001,0,200.0,True,35.03690443505022,False,35.03690443505022,False,90.02460295670015,True,weighted,hazard:pedestrian_crossing,False,,False,0.0
2.600000000000001,lead,44.74000000000001,0,200.0,True,33.03684747505022,False,33.03684747505022,False,88.69123165003349,True,weighted,hazard:pedestrian_crossing,False,,False,0.0
2.700000000000001,lead,44.74000000000001,0,200.0,True,31.036790515050228,False,31.036790515050228,False,87.35786034336682,True,weighted,hazard:pedestrian_crossing,False,,False,0.0
2.800000000000001,lead,44.74000000000001,0,200.0,True,29.036733555050233,False,29.036733555050233,False,86.02448903670016,True,weighted,hazard:pedestrian_crossing,False,,False,0.0
2.9000000000000012,lead,44.74000000000001,0,200.0,True,27.03667659505024,False,27.03667659505024,False,84.6911177300335,True,weighted,hazard:pedestrian_crossing,False,,False,0.0
3.0000000000000013,lead,44.74000000000001,0,200.0,True,25.036619635050243,False,25.036619635050243,False,83.35774642336683,True,weighted,hazard:pedestrian_crossing,False,,False,0.0
3.1000000000000014,lead,44.74000000000001,0,200.0,True,23.03656267505025,False,23.03656267505025,False,82.02437511670017,True,weighted,hazard:pedestrian_crossing,False,,False,0.0
3.2000000000000015,lead,44.74000000000001,0,200.0,True,21.036505715050254,False,21.036505715050254,False,80.69100381003351,True,weighted,hazard:pedestrian_crossing,False,,False,0.0
3.3000000000000016,lead,44.74000000000001,0,200.0,True,19.03644875505026,False,19.03644875505026,False,79.35763250336684,True,weighted,hazard:pedestrian_crossing,False,,False,0.0
3.4000000000000017,lead,44.74000000000001,0,200.0,True,17.036391795050264,False,17.036391795050264,False,78.02426119670018,True,weighted,hazard:pedestrian_crossing,False,,False,0.0
3.5000000000000018,lead,44.74000000000001,0,200.0,True,15.036334835050269,False,15.036334835050269,False,76.69088989003352,True,weighted,hazard:pedestrian_crossing,False,,False,0.0
3.600000000000002,lead,44.74000000000001,0,200.0,True,13.036277875050274,False,13.036277875050274,False,75.35751858336685,True,weighted,hazard:pedestrian_crossing,False,,False,0.0
3.700000000000002,lead,44.74000000000001,0,200.0,True,11.03622091505028,False,11.03622091505028,False,74.02414727670019,True,weighted,hazard:pedestrian_crossing,False,,False,0.0
3.800000000000002,lead,44.74000000000001,0,200.0,True,9.036163955050284,False,9.036163955050284,False,72.69077597003353,True,weighted,hazard:pedestrian_crossing,False,,False,0.0
3.900000000000002,lead,44.74000000000001,0,200.0,True,7.0361069950502895,False,7.0361069950502895,False,71.35740466336686,True,weighted,hazard:pedestrian_crossing,False,,False,0.0
4.000000000000002,lead,44.74000000000001,0,200.0,True,5.036050035050295,False,5.036050035050295,False,70.0240333567002,True,weighted,hazard:pedestrian_crossing,False,,False,0.0
4.100000000000001,lead,44.74000000000001,0,200.0,True,3.0359930750502997,False,3.0359930750502997,False,68.69066205003354,True,weighted,hazard:pedestrian_crossing,False,,False,0.0
4.200000000000001,lead,44.74000000000001,0,200.0,True,1.0359361150503048,False,1.0359361150503048,False,67.35729074336687,True,weighted,hazard:pedestrian_crossing,False,,False,0.0
4.300000000000001,lead,44.71524902260577,0,200.0,True,,False,,False,200.0,True,weighted,,True,serious,False,0.0
4.4,lead,0.0,0,,False,,False,,False,,False,crashed,,True,serious,False,0.0
4.5,lead,0.0,0,,False,,False,,False,,False,crashed,,True,serious,False,0.0
4.6,lead,0.0,0,,False,,False,,False,,False,crashed,,True,serious,False,0.0
4.699999999999999,lead,0.0,0,,False,,False,,False,,False,crashed,,True,serious,False,0.0
4.799999999999999,lead,0.0,0,,False,,False,,False,,False,crashed,,True,serious,False,0.0
4.899999999999999,lead,0.0,0,,False,,False,,False,,False,crashed,,True,serious,False,0.0
4.999999999999998,lead,0.0,0,,False,,False,,False,,False,crashed,,True,serious,False,0.0
5.099999999999998,lead,0.0,0,,False,,False,,False,,False,crashed,,True,serious,False,0.0
5.1999999999999975,lead,0.0,0,,False,,False,,False,,False,crashed,,True,serious,False,0.0
5.299999999999997,lead,0.0,0,,False,,False,,False,,False,crashed,,True,serious,False,0.0
5.399999999999997,lead,0.0,0,,False,,False,,False,,False,crashed,,True,serious,False,0.0
5.4999999999999964,lead,0.0,0,,False,,False,,False,,False,crashed,,True,serious,False,0.0
5.599999999999996,lead,0.0,0,,False,,False,,False,,False,crashed,,True,serious,False,0.0
5.699999999999996,lead,0.0,0,,False,,False,,False,,False,crashed,,True,serious,False,0.0
5.799999999999995,lead,0.0,0,,False,,False,,False,,False,crashed,,True,serious,False,0.0
5.899999999999995,lead,0.0,0,,False,,False,,False,,False,crashed,,True,serious,False,0.0
5.999999999999995,lead,0.0,0,,False,,False,,False,,False,crashed,,True,serious,False,0.0
6.099999999999994,lead,0.0,0,,False,,False,,False,,False,crashed,,True,serious,False,0.0
6.199999999999994,lead,0.0,0,,False,,False,,False,,False,crashed,,True,serious,False,0.0
6.299999999999994,lead,0.0,0,,False,,False,,False,,False,crashed,,True,serious,False,0.0
6.399999999999993,lead,0.0,0,,False,,False,,False,,False,crashed,,True,serious,False,0.0
6.499999999999993,lead,0.0,0,,False,,False,,False,,False,crashed,,True,serious,False,0.0
6.5999999999999925,lead,0.0,0,,False,,False,,False,,False,crashed,,True,serious,False,0.0
6.699999999999992,lead,0.0,0,,False,,False,,False,,False,crashed,,True,serious,False,0.0
6.799999999999992,lead,0.0,0,,False,,False,,False,,False,crashed,,True,serious,False,0.0
6.8999999999999915,lead,0.0,0,,False,,False,,False,,False,crashed,,True,serious,False,0.0
6.999999999999991,lead,0.0,0,,False,,False,,False,,False,crashed,,True,serious,False,0.0
7.099999999999991,lead,0.0,0,,False,,False,,False,,False,crashed,,True,serious,False,0.0
7.19999999999999,lead,0.0,0,,False,,False,,False,,False,crashed,,True,serious,False,0.0
7.29999999999999,lead,0.0,0,,False,,False,,False,,False,crashed,,True,serious,False,0.0
7.39999999999999,lead,0.0,0,,False,,False,,False,,False,crashed,,True,serious,False,0.0
7.499999999999989,lead,0.0,0,,False,,False,,False,,False,crashed,,True,serious,False,0.0
7.599999999999989,lead,0.0,0,,False,,False,,False,,False,crashed,,True,serious,False,0.0
7.699999999999989,lead,0.0,0,,False,,False,,False,,False,crashed,,True,serious,False,0.0
7.799999999999988,lead,0.0,0,,False,,False,,False,,False,crashed,,True,serious,False,0.0
7.899999999999988,lead,0.0,0,,False,,False,,False,,False,crashed,,True,serious,False,0.0
7.999999999999988,lead,0.0,0,,False,,False,,False,,False,crashed,,True,serious,False,0.0
8.099999999999987,lead,0.0,0,,False,,False,,False,,False,crashed,,True,serious,False,0.0
8.199999999999987,lead,0.0,0,,False,,False,,False,,False,crashed,,True,serious,False,0.0
8.299999999999986,lead,0.0,0,,False,,False,,False,,False,crashed,,True,serious,False,0.0
8.399999999999986,lead,0.0,0,,False,,False,,False,,False,crashed,,True,serious,False,0.0
8.499999999999986,lead,0.0,0,,False,,False,,False,,False,crashed,,True,serious,False,0.0
8.599999999999985,lead,0.0,0,,False,,False,,False,,False,crashed,,True,serious,False,0.0
8.699999999999985,lead,0.0,0,,False,,False,,False,,False,crashed,,True,serious,False,0.0
8.799999999999985,lead,0.0,0,,False,,False,,False,,False,crashed,,True,serious,False,0.0
8.899999999999984,lead,0.0,0,,False,,False,,False,,False,crashed,,True,serious,False,0.0
8.999999999999984,lead,0.0,0,,False,,False,,False,,False,crashed,,True,serious,False,0.0
9.099999999999984,lead,0.0,0,,False,,False,,False,,False,crashed,,True,serious,False,0.0
9.199999999999983,lead,0.0,0,,False,,False,,False,,False,crashed,,True,serious,False,0.0
9.299999999999983,lead,0.0,0,,False,,False,,False,,False,crashed,,True,serious,False,0.0
9.399999999999983,lead,0.0,0,,False,,False,,False,,False,crashed,,True,serious,False,0.0
9.499999999999982,lead,0.0,0,,False,,False,,False,,False,crashed,,True,serious,False,0.0
9.599999999999982,lead,0.0,0,,False,,False,,False,,False,crashed,,True,serious,False,0.0
9.699999999999982,lead,0.0,0,,False,,False,,False,,False,crashed,,True,serious,False,0.0
9.799999999999981,lead,0.0,0,,False,,False,,False,,False,crashed,,True,serious,False,0.0
9.89999999999998,lead,0.0,0,,False,,False,,False,,False,crashed,,True,serious,False,0.0
9.99999999999998,lead,0.0,0,,False,,False,,False,,False,crashed,,True,serious,False,0.0
10.09999999999998,lead,0.0,0,,False,,False,,False,,False,crashed,,True,serious,False,0.0
10.19999999999998,lead,0.0,0,,False,,False,,False,,False,crashed,,True,serious,False,0.0
10.29999999999998,lead,0.0,0,,False,,False,,False,,False,crashed,,True,serious,False,0.0
10.399999999999979,lead,0.0,0,,False,,False,,False,,False,crashed,,True,serious,False,0.0
10.499999999999979,lead,0.0,0,,False,,False,,False,,False,crashed,,True,serious,False,0.0
10.599999999999978,lead,0.0,0,,False,,False,,False,,False,crashed,,True,serious,False,0.0
10.699999999999978,lead,0.0,0,,False,,False,,False,,False,crashed,,True,serious,False,0.0
10.799999999999978,lead,0.0,0,,False,,False,,False,,False,crashed,,True,serious,False,0.0
10.899999999999977,lead,0.0,0,,False,,False,,False,,False,crashed,,True,serious,False,0.0
10.999999999999977,lead,0.0,0,,False,,False,,False,,False,crashed,,True,serious,False,0.0
11.099999999999977,lead,0.0,0,,False,,False,,False,,False,crashed,,True,serious,False,0.0
11.199999999999976,lead,0.0,0,,False,,False,,False,,False,crashed,,True,serious,False,0.0
11.299999999999976,lead,0.0,0,,False,,False,,False,,False,crashed,,True,serious,False,0.0
11.399999999999975,lead,0.0,0,,False,,False,,False,,False,crashed,,True,serious,False,0.0
11.499999999999975,lead,0.0,0,,False,,False,,False,,False,crashed,,True,serious,False,0.0
11.599999999999975,lead,0.0,0,,False,,False,,False,,False,crashed,,True,serious,False,0.0
11.699999999999974,lead,0.0,0,,False,,False,,False,,False,crashed,,True,serious,False,0.0
11.799999999999974,lead,0.0,0,,False,,False,,False,,False,crashed,,True,serious,False,0.0
11.899999999999974,lead,0.0,0,,False,,False,,False,,False,crashed,,True,serious,False,0.0
11.999999999999973,lead,0.0,0,,False,,False,,False,,False,crashed,,True,serious,False,0.0
12.099999999999973,lead,0.0,0,,False,,False,,False,,False,crashed,,True,serious,False,0.0
12.199999999999973,lead,0.0,0,,False,,False,,False,,False,crashed,,True,serious,False,0.0
12.299999999999972,lead,0.0,0,,False,,False,,False,,False,crashed,,True,serious,False,0.0
12.399999999999972,lead,0.0,0,,False,,False,,False,,False,crashed,,True,serious,False,0.0
12.499999999999972,lead,0.0,0,,False,,False,,False,,False,crashed,,True,serious,False,0.0
12.599999999999971,lead,0.0,0,,False,,False,,False,,False,crashed,,True,serious,False,0.0
12.69999999999997,lead,0.0,0,,False,,False,,False,,False,crashed,,True,serious,False,0.0
12.79999999999997,lead,0.0,0,,False,,False,,False,,False,crashed,,True,serious,False,0.0
12.89999999999997,lead,0.0,0,,False,,False,,False,,False,crashed,,True,serious,False,0.0
12.99999999999997,lead,0.0,0,,False,,False,,False,,False,crashed,,True,serious,False,0.0
13.09999999999997,lead,0.0,0,,False,,False,,False,,False,crashed,,True,serious,False,0.0
13.199999999999969,lead,0.0,0,,False,,False,,False,,False,crashed,,True,serious,False,0.0
13.299999999999969,lead,0.0,0,,False,,False,,False,,False,crashed,,True,serious,False,0.0
13.399999999999968,lead,0.0,0,,False,,False,,False,,False,crashed,,True,serious,False,0.0
13.499999999999968,lead,0.0,0,,False,,False,,False,,False,crashed,,True,serious,False,0.0
13.599999999999968,lead,0.0,0,,False,,False,,False,,False,crashed,,True,serious,False,0.0
13.699999999999967,lead,0.0,0,,False,,False,,False,,False,crashed,,True,serious,False,0.0
13.799999999999967,lead,0.0,0,,False,,False,,False,,False,crashed,,True,serious,False,0.0
13.899999999999967,lead,0.0,0,,False,,False,,False,,False,crashed,,True,serious,False,0.0
13.999999999999966,lead,0.0,0,,False,,False,,False,,False,crashed,,True,serious,False,0.0
14.099999999999966,lead,0.0,0,,False,,False,,False,,False,crashed,,True,serious,False,0.0
14.199999999999966,lead,0.0,0,,False,,False,,False,,False,crashed,,True,serious,False,0.0
14.299999999999965,lead,0.0,0,,False,,False,,False,,False,crashed,,True,serious,False,0.0
14.399999999999965,lead,0.0,0,,False,,False,,False,,False,crashed,,True,serious,False,0.0
14.499999999999964,lead,0.0,0,,False,,False,,False,,False,crashed,,True,serious,False,0.0
14.599999999999964,lead,0.0,0,,False,,False,,False,,False,crashed,,True,serious,False,0.0
14.699999999999964,lead,0.0,0,,False,,False,,False,,False,crashed,,True,serious,False,0.0
14.799999999999963,lead,0.0,0,,False,,False,,False,,False,crashed,,True,serious,False,0.0
14.899999999999963,lead,0.0,0,,False,,False,,False,,False,crashed,,True,serious,False,0.0
14.999999999999963,lead,0.0,0,,False,,False,,False,,False,crashed,,True,serious,False,0.0
15.099999999999962,lead,0.0,0,,False,,False,,False,,False,crashed,,True,serious,False,0.0
15.199999999999962,lead,0.0,0,,False,,False,,False,,False,crashed,,True,serious,False,0.0
15.299999999999962,lead,0.0,0,,False,,False,,False,,False,crashed,,True,serious,False,0.0
15.399999999999961,lead,0.0,0,,False,,False,,False,,False,crashed,,True,serious,False,0.0
15.499999999999961,lead,0.0,0,,False,,False,,False,,False,crashed,,True,serious,False,0.0
15.59999999999996,lead,0.0,0,,False,,False,,False,,False,crashed,,True,serious,False,0.0
15.69999999999996,lead,0.0,0,,False,,False,,False,,False,crashed,,True,serious,False,0.0
15.79999999999996,lead,0.0,0,,False,,False,,False,,False,crashed,,True,serious,False,0.0
15.89999999999996,lead,0.0,0,,False,,False,,False,,False,crashed,,True,serious,False,0.0
15.99999999999996,lead,0.0,0,,False,,False,,False,,False,crashed,,True,serious,False,0.0
16.09999999999996,lead,0.0,0,,False,,False,,False,,False,crashed,,True,serious,False,0.0
16.19999999999996,lead,0.0,0,,False,,False,,False,,False,crashed,,True,serious,False,0.0
16.29999999999996,lead,0.0,0,,False,,False,,False,,False,crashed,,True,serious,False,0.0
16.399999999999963,lead,0.0,0,,False,,False,,False,,False,crashed,,True,serious,False,0.0
16.499999999999964,lead,0.0,0,,False,,False,,False,,False,crashed,,True,serious,False,0.0
16.599999999999966,lead,0.0,0,,False,,False,,False,,False,crashed,,True,serious,False,0.0
16.699999999999967,lead,0.0,0,,False,,False,,False,,False,crashed,,True,serious,False,0.0
16.79999999999997,lead,0.0,0,,False,,False,,False,,False,crashed,,True,serious,False,0.0
16.89999999999997,lead,0.0,0,,False,,False,,False,,False,crashed,,True,serious,False,0.0
16.99999999999997,lead,0.0,0,,False,,False,,False,,False,crashed,,True,serious,False,0.0
17.099999999999973,lead,0.0,0,,False,,False,,False,,False,crashed,,True,serious,False,0.0
17.199999999999974,lead,0.0,0,,False,,False,,False,,False,crashed,,True,serious,False,0.0
17.299999999999976,lead,0.0,0,,False,,False,,False,,False,crashed,,True,serious,False,0.0
17.399999999999977,lead,0.0,0,,False,,False,,False,,False,crashed,,True,serious,False,0.0
17.49999999999998,lead,0.0,0,,False,,False,,False,,False,crashed,,True,serious,False,0.0
17.59999999999998,lead,0.0,0,,False,,False,,False,,False,crashed,,True,serious,False,0.0
17.69999999999998,lead,0.0,0,,False,,False,,False,,False,crashed,,True,serious,False,0.0
17.799999999999983,lead,0.0,0,,False,,False,,False,,False,crashed,,True,serious,False,0.0
17.899999999999984,lead,0.0,0,,False,,False,,False,,False,crashed,,True,serious,False,0.0
17.999999999999986,lead,0.0,0,,False,,False,,False,,False,crashed,,True,serious,False,0.0
18.099999999999987,lead,0.0,0,,False,,False,,False,,False,crashed,,True,serious,False,0.0
18.19999999999999,lead,0.0,0,,False,,False,,False,,False,crashed,,True,serious,False,0.0
18.29999999999999,lead,0.0,0,,False,,False,,False,,False,crashed,,True,serious,False,0.0
18.39999999999999,lead,0.0,0,,False,,False,,False,,False,crashed,,True,serious,False,0.0
18.499999999999993,lead,0.0,0,,False,,False,,False,,False,crashed,,True,serious,False,0.0
18.599999999999994,lead,0.0,0,,False,,False,,False,,False,crashed,,True,serious,False,0.0
18.699999999999996,lead,0.0,0,,False,,False,,False,,False,crashed,,True,serious,False,0.0
18.799999999999997,lead,0.0,0,,False,,False,,False,,False,crashed,,True,serious,False,0.0
18.9,lead,0.0,0,,False,,False,,False,,False,crashed,,True,serious,False,0.0
19.0,lead,0.0,0,,False,,False,,False,,False,crashed,,True,serious,False,0.0
19.1,lead,0.0,0,,False,,False,,False,,False,crashed,,True,serious,False,0.0
19.200000000000003,lead,0.0,0,,False,,False,,False,,False,crashed,,True,serious,False,0.0
19.300000000000004,lead,0.0,0,,False,,False,,False,,False,crashed,,True,serious,False,0.0
19.400000000000006,lead,0.0,0,,False,,False,,False,,False,crashed,,True,serious,False,0.0
19.500000000000007,lead,0.0,0,,False,,False,,False,,False,crashed,,True,serious,False,0.0
19.60000000000001,lead,0.0,0,,False,,False,,False,,False,crashed,,True,serious,False,0.0
19.70000000000001,lead,0.0,0,,False,,False,,False,,False,crashed,,True,serious,False,0.0
19.80000000000001,lead,0.0,0,,False,,False,,False,,False,crashed,,True,serious,False,0.0
19.900000000000013,lead,0.0,0,,False,,False,,False,,False,crashed,,True,serious,False,0.0
0.0,follower,44.74000000000001,0,60.5,False,60.5,False,60.5,False,60.5,True,camera,vehicle,False,,False,0.0
0.1,follower,44.52661511109514,0,60.50476957903679,False,60.50476957903679,False,60.50476957903679,False,60.50476957903679,True,camera,vehicle,False,,False,0.0
0.2,follower,44.32629549636676,0,60.5187862811388,False,60.5187862811388,False,60.5187862811388,False,60.5187862811388,True,camera,vehicle,False,,False,0.0
0.30000000000000004,follower,44.13867732949594,0,60.54147416853512,False,60.54147416853512,False,60.54147416853512,False,60.54147416853512,True,camera,vehicle,False,,False,0.0
0.4,follower,43.963380249803066,0,60.572273937522624,False,60.572273937522624,False,60.572273937522624,False,60.572273937522624,True,camera,vehicle,False,,False,0.0
0.5,follower,43.80000989425977,0,60.61064360102252,False,60.61064360102252,False,60.61064360102252,False,60.61064360102252,True,camera,vehicle,False,,False,0.0
0.6,follower,43.64816041957008,0,60.656059058167784,False,60.656059058167784,False,60.656059058167784,False,60.656059058167784,True,camera,vehicle,False,,False,0.0
0.7,follower,43.50741698331106,0,60.708014552058586,False,60.708014552058586,False,60.708014552058586,False,60.708014552058586,True,camera,vehicle,False,,False,0.0
0.7999999999999999,follower,43.37735815601592,0,60.76602301814434,False,60.76602301814434,False,60.76602301814434,False,60.76602301814434,True,camera,vehicle,False,,False,0.0
0.8999999999999999,follower,43.25755823940239,0,60.829616326873946,False,60.829616326873946,False,60.829616326873946,False,60.829616326873946,True,camera,vehicle,False,,False,0.0
0.9999999999999999,follower,43.14758946955573,0,60.89757218872256,False,60.89757218872256,False,60.89757218872256,False,60.89757218872256,True,camera,vehicle,False,,False,0.0
1.0999999999999999,follower,43.04700132453023,0,60.9675092464357,False,60.9675092464357,False,60.9675092464357,False,60.9675092464357,True,camera,vehicle,False,,False,0.0
1.2,follower,42.95528876282357,0,61.03673507068682,False,61.03673507068682,False,61.03673507068682,False,61.03673507068682,True,camera,vehicle,False,,False,0.0
1.3,follower,42.87188723518947,0,61.10271718411164,False,61.10271718411164,False,61.10271718411164,False,61.10271718411164,True,camera,vehicle,False,,False,0.0
1.4000000000000001,follower,42.79618218513477,0,61.17803842318058,False,61.17803842318058,False,61.17803842318058,False,61.17803842318058,True,camera,vehicle,False,,False,0.0
1.5000000000000002,follower,42.72796528018352,0,61.26645963903579,False,61.26645963903579,False,61.26645963903579,False,61.26645963903579,True,camera,vehicle,False,,False,0.0
1.6000000000000003,follower,42.66714802626553,0,61.357765026410036,False,61.357765026410036,False,61.357765026410036,False,61.357765026410036,True,camera,vehicle,False,,False,0.0
1.7000000000000004,follower,42.61333489724177,0,61.451632632103795,False,61.451632632103795,False,61.451632632103795,False,61.451632632103795,True,camera,vehicle,False,,False,0.0
1.8000000000000005,follower,42.56614035453995,0,61.54775796127596,False,61.54775796127596,False,61.54775796127596,False,61.54775796127596,True,camera,vehicle,False,,False,0.0
1.9000000000000006,follower,42.52518967201798,0,61.645853512522336,False,61.645853512522336,False,61.645853512522336,False,61.645853512522336,True,camera,vehicle,False,,False,0.0
2.0000000000000004,follower,42.490119613779854,0,61.74564827936618,False,61.74564827936618,False,61.74564827936618,False,61.74564827936618,True,camera,vehicle,False,,False,0.0
2.1000000000000005,follower,42.46057897381165,0,61.84688722453633,False,61.84688722453633,False,61.84688722453633,False,61.84688722453633,True,camera,vehicle,False,,False,0.0
2.2000000000000006,follower,42.43622898714902,0,61.949330732992934,False,61.949330732992934,False,61.949330732992934,False,61.949330732992934,True,camera,vehicle,False,,False,0.0
2.3000000000000007,follower,42.41674362283048,0,62.05275404921467,False,62.05275404921467,False,62.05275404921467,False,62.05275404921467,True,camera,vehicle,False,,False,0.0
2.400000000000001,follower,42.40180976916925,0,62.15694670379668,False,62.15694670379668,False,62.15694670379668,False,62.15694670379668,True,camera,vehicle,False,,False,0.0
2.500000000000001,follower,42.39112732192502,0,62.26171193393654,False,62.26171193393654,False,62.26171193393654,False,62.26171193393654,True,camera,vehicle,False,,False,0.0
2.600000000000001,follower,42.3844091858139,0,62.36686610191555,False,62.36686610191555,False,62.36686610191555,False,62.36686610191555,True,camera,vehicle,False,,False,0.0
2.700000000000001,follower,42.38138119949402,0,62.47223811522315,False,62.47223811522315,False,62.47223811522315,False,62.47223811522315,True,camera,vehicle,False,,False,0.0
2.800000000000001,follower,42.8287684579049,0,62.567677810080966,False,62.567677810080966,False,62.567677810080966,False,62.567677810080966,True,camera,vehicle,False,,False,0.0
2.9000000000000012,follower,42.79977114050022,0,62.65376565297741,False,62.65376565297741,False,62.65376565297741,False,62.65376565297741,True,camera,vehicle,False,,False,0.0
3.0000000000000013,follower,42.77541062942772,0,62.74104615005598,False,62.74104615005598,False,62.74104615005598,False,62.74104615005598,True,camera,vehicle,False,,False,0.0
3.1000000000000014,follower,42.75540122498134,0,62.829318403486226,False,62.829318403486226,False,62.829318403486226,False,62.829318403486226,True,camera,vehicle,False,,False,0.0
3.2000000000000015,follower,42.73946861958523,0,62.91839403272047,False,62.91839403272047,False,62.91839403272047,False,62.91839403272047,True,camera,vehicle,False,,False,0.0
3.3000000000000016,follower,42.72734991451488,0,63.00809666484626,False,63.00809666484626,False,63.00809666484626,False,63.00809666484626,True,camera,vehicle,False,,False,0.0
3.4000000000000017,follower,42.71879357192989,0,63.09826142563725,False,63.09826142563725,False,63.09826142563725,False,63.09826142563725,True,camera,vehicle,False,,False,0.0
3.5000000000000018,follower,42.713559310005465,0,63.18873443402022,False,63.18873443402022,False,63.18873443402022,False,63.18873443402022,True,camera,vehicle,False,,False,0.0
3.600000000000002,follower,42.71141794857005,0,63.27937230233654,False,63.27937230233654,False,63.27937230233654,False,63.27937230233654,True,camera,vehicle,False,,False,0.0
3.700000000000002,follower,43.15880520698093,0,63.36005803436366,False,63.36005803436366,False,63.36005803436366,False,63.36005803436366,True,camera,vehicle,False,,False,0.0
3.800000000000002,follower,43.12991811730928,0,63.43138945061912,False,63.43138945061912,False,63.43138945061912,False,63.43138945061912,True,camera,vehicle,False,,False,0.0
3.900000000000002,follower,43.10517208707452,0,63.503919674370735,False,63.503919674370735,False,63.503919674370735,False,63.503919674370735,True,camera,vehicle,False,,False,0.0
4.000000000000002,follower,43.08431778775511,0,63.57746915668854,False,63.57746915668854,False,63.57746915668854,False,63.57746915668854,True,camera,vehicle,False,,False,0.0
4.100000000000001,follower,43.067115838135685,0,63.651869272282624,False,63.651869272282624,False,63.651869272282624,False,63.651869272282624,True,camera,vehicle,False,,False,0.0
4.200000000000001,follower,43.053336775951884,0,63.72696187545253,False,63.72696187545253,False,63.72696187545253,False,63.72696187545253,True,camera,vehicle,False,,False,0.0
4.300000000000001,follower,43.042760981666085,0,63.80204562452754,False,63.80204562452754,False,63.80204562452754,False,63.80204562452754,True,camera,vehicle,False,,False,0.0
4.4,follower,43.03516219956129,0,61.87803188558074,False,61.87803188558074,False,61.87803188558074,False,61.87803188558074,True,camera,vehicle,False,,False,0.0
4.5,follower,42.971190689975906,0,59.9556178857938,False,59.9556178857938,False,59.9556178857938,False,59.9556178857938,True,camera,vehicle,False,,False,0.0
4.6,follower,42.85462888319679,0,58.03723916669425,False,58.03723916669425,False,58.03723916669425,False,58.03723916669425,True,camera,vehicle,False,,False,0.0
4.699999999999999,follower,42.68871514403567,0,56.125174340997546,False,56.125174340997546,False,56.125174340997546,False,56.125174340997546,True,camera,vehicle,False,,False,0.0
4.799999999999999,follower,42.47623763313625,0,54.2215673165222,False,54.2215673165222,False,54.2215673165222,False,54.2215673165222,True,camera,vehicle,False,,False,0.0
4.899999999999999,follower,42.21960766197358,0,52.3284457824859,False,52.3284457824859,False,52.3284457824859,False,52.3284457824859,True,camera,vehicle,False,,False,0.0
4.999999999999998,follower,41.92091767925741,0,50.4477367600587,False,50.4477367600587,False,50.4477367600587,False,50.4477367600587,True,camera,vehicle,False,,False,0.0
5.099999999999998,follower,41.581987563250884,0,48.58127982207816,False,48.58127982207816,False,48.58127982207816,False,48.58127982207816,True,camera,vehicle,False,,False,0.0
5.1999999999999975,follower,41.20440189039239,0,46.73083844501032,False,46.73083844501032,False,46.73083844501032,False,46.73083844501032,True,camera,vehicle,False,,False,0.0
5.299999999999997,follower,40.7895401486838,0,44.89810985255289,False,44.89810985255289,False,44.89810985255289,False,44.89810985255289,True,camera,vehicle,False,,False,0.0
5.399999999999997,follower,40.33860136526811,0,43.084733633433046,False,43.084733633433046,False,43.084733633433046,False,43.084733633433046,True,camera,vehicle,False,,False,0.0
5.4999999999999964,follower,39.852624257224186,0,41.2922993583191,False,41.2922993583191,False,41.2922993583191,False,41.2922993583191,True,camera,vehicle,False,,False,0.0
5.599999999999996,follower,39.3325037504889,0,39.522353377090695,False,39.522353377090695,False,39.522353377090695,False,39.522353377090695,True,camera,vehicle,False,,False,0.0
5.699999999999996,follower,38.77900451552652,0,37.77640494432872,False,37.77640494432872,False,37.77640494432872,False,37.77640494432872,True,camera,vehicle,False,,False,0.0
5.799999999999995,follower,38.192772020481264,0,36.055931795195875,False,36.055931795195875,False,36.055931795195875,False,36.055931795195875,True,camera,vehicle,False,,False,0.0
5.899999999999995,follower,37.57434148961035,0,34.36238527401831,False,34.36238527401831,False,34.36238527401831,False,34.36238527401831,True,camera,vehicle,False,,False,0.0
5.999999999999995,follower,36.92414506734191,0,32.69719510249732,False,32.69719510249732,False,32.69719510249732,False,32.69719510249732,True,camera,vehicle,False,,False,0.0
6.099999999999994,follower,36.242517419603914,0,31.061773862589106,False,31.061773862589106,False,31.061773862589106,False,31.061773862589106,True,camera,vehicle,False,,False,0.0
6.199999999999994,follower,35.529699949294134,0,29.457521259959492,False,29.457521259959492,False,29.457521259959492,False,29.457521259959492,True,camera,vehicle,False,,False,0.0
6.299999999999994,follower,34.78584375842156,0,27.885828227004637,False,27.885828227004637,False,27.885828227004637,False,27.885828227004637,True,camera,vehicle,False,,False,0.0
6.399999999999993,follower,34.01101145305672,0,26.34808091931768,False,26.34808091931768,False,26.34808091931768,False,26.34808091931768,True,camera,vehicle,False,,False,0.0
6.499999999999993,follower,33.20517785706968,0,24.845664655857732,False,24.845664655857732,False,24.845664655857732,False,24.845664655857732,True,camera,vehicle,False,,False,0.0
6.5999999999999925,follower,32.36822967567475,0,23.37996785068583,False,23.37996785068583,False,23.37996785068583,False,23.37996785068583,True,camera,vehicle,False,,False,0.0
6.699999999999992,follower,31.49996412969105,0,21.952385982748297,False,21.952385982748297,False,21.952385982748297,False,21.952385982748297,True,camera,vehicle,False,,False,0.0
6.799999999999992,follower,30.600086566640407,0,20.564325649583893,False,20.564325649583893,False,20.564325649583893,False,20.564325649583893,True,camera,vehicle,False,,False,0.0
6.8999999999999915,follower,29.668207046964078,0,19.21720875073261,False,19.21720875073261,False,19.21720875073261,False,19.21720875073261,True,camera,vehicle,False,,False,0.0
6.999999999999991,follower,28.703835906144814,0,17.912476846644722,False,17.912476846644722,False,17.912476846644722,False,17.912476846644722,True,camera,vehicle,False,,False,0.0
7.099999999999991,follower,27.706378312669184,0,16.651595738425783,False,16.651595738425783,False,16.651595738425783,False,16.651595738425783,True,camera,vehicle,False,,False,0.0
7.19999999999999,follower,26.675127888769477,0,15.436060311811218,False,15.436060311811218,False,15.436060311811218,False,15.436060311811218,True,camera,vehicle,False,,False,0.0
7.29999999999999,follower,25.609259555482527,0,14.267399683657288,False,14.267399683657288,False,14.267399683657288,False,14.267399683657288,True,camera,vehicle,False,,False,0.0
7.39999999999999,follower,24.507821940591406,0,13.14718267805705,False,13.14718267805705,False,13.14718267805705,False,13.14718267805705,True,camera,vehicle,False,,False,0.0
7.499999999999989,follower,23.36973000957688,0,12.077023636866898,False,12.077023636866898,False,12.077023636866898,False,12.077023636866898,True,camera,vehicle,False,,False,0.0
7.599999999999989,follower,22.193759158170106,0,11.05858852698941,False,11.05858852698941,False,11.05858852698941,False,11.05858852698941,True,camera,vehicle,False,,False,0.0
7.699999999999989,follower,20.978543047658977,0,10.093601228084708,False,10.093601228084708,False,10.093601228084708,False,10.093601228084708,True,camera,vehicle,False,,False,0.0
7.799999999999988,follower,19.722579361356217,0,9.183849739998408,False,9.183849739998408,False,9.183849739998408,False,9.183849739998408,True,camera,vehicle,False,,False,0.0
7.899999999999988,follower,18.42425116799055,0,8.33119178400645,False,8.33119178400645,False,8.33119178400645,False,8.33119178400645,True,camera,vehicle,False,,False,0.0
7.999999999999988,follower,17.081878198990598,0,7.537558780395699,False,7.537558780395699,False,7.537558780395699,False,7.537558780395699,True,camera,vehicle,False,,False,0.0
8.099999999999987,follower,15.693825173593003,0,6.804956258611696,False,6.804956258611696,False,6.804956258611696,False,6.804956258611696,True,camera,vehicle,False,,False,0.0
8.199999999999987,follower,14.258719927187501,0,6.135456970519044,False,6.135456970519044,False,6.135456970519044,False,6.135456970519044,True,camera,vehicle,False,,False,0.0
8.299999999999986,follower,12.804711337352138,0,5.530535154894068,False,5.530535154894068,False,5.530535154894068,False,5.530535154894068,True,camera,vehicle,False,,False,0.0
8.399999999999986,follower,11.350702747516776,0,4.990613339269089,False,4.990613339269089,False,4.990613339269089,False,4.990613339269089,True,camera,vehicle,False,,False,0.0
8.499999999999986,follower,9.896694157681413,0,4.515691523644108,False,4.515691523644108,False,4.515691523644108,False,4.515691523644108,True,camera,vehicle,False,,False,0.0
8.599999999999985,follower,8.442685567846052,0,4.105769708019125,False,4.105769708019125,False,4.105769708019125,False,4.105769708019125,True,camera,vehicle,False,,False,0.0
8.699999999999985,follower,6.988676978010691,0,3.760847892394139,False,3.760847892394139,False,3.760847892394139,False,3.760847892394139,True,camera,vehicle,False,,False,0.0
8.799999999999985,follower,5.534668388175329,0,3.4809260767691512,False,3.4809260767691512,False,3.4809260767691512,False,3.4809260767691512,True,camera,vehicle,False,,False,0.0
8.899999999999984,follower,4.080659798339968,0,3.266004261144161,False,3.266004261144161,False,3.266004261144161,False,3.266004261144161,True,camera,vehicle,False,,False,0.0
8.999999999999984,follower,2.690619226963082,0,3.1146526323705928,False,3.1146526323705928,False,3.1146526323705928,False,3.1146526323705928,True,camera,vehicle,False,,False,0.0
9.099999999999984,follower,2.024411958947686,0,3.0092622553031276,False,3.0092622553031276,False,3.0092622553031276,False,3.0092622553031276,True,camera,vehicle,False,,False,0.0
9.199999999999983,follower,1.5770247005368054,0,2.9287629430903337,False,2.9287629430903337,False,2.9287629430903337,False,2.9287629430903337,True,camera,vehicle,False,,False,0.0
9.299999999999983,follower,1.129637442125925,0,2.86826363087755,False,2.86826363087755,False,2.86826363087755,False,2.86826363087755,True,camera,vehicle,False,,False,0.0
9.399999999999983,follower,0.6822501837150445,0,2.827764318664748,False,2.827764318664748,False,2.827764318664748,False,2.827764318664748,True,camera,vehicle,False,,False,0.0
9.499999999999982,follower,0.23486292530416408,0,2.8072650064519564,False,2.8072650064519564,False,2.8072650064519564,False,2.8072650064519564,True,camera,vehicle,False,,False,0.0
9.599999999999982,follower,0.0,0,2.802015350345556,False,2.802015350345556,False,2.802015350345556,False,2.802015350345556,True,camera,vehicle,False,,False,0.0
9.699999999999982,follower,0.0,0,2.802015350345556,False,2.802015350345556,False,2.802015350345556,False,2.802015350345556,True,camera,vehicle,False,,False,0.0
9.799999999999981,follower,0.0,0,2.802015350345556,False,2.802015350345556,False,2.802015350345556,False,2.802015350345556,True,camera,vehicle,False,,False,0.0
9.89999999999998,follower,0.0,0,2.802015350345556,False,2.802015350345556,False,2.802015350345556,False,2.802015350345556,True,camera,vehicle,False,,False,0.0
9.99999999999998,follower,0.0,0,2.802015350345556,False,2.802015350345556,False,2.802015350345556,False,2.802015350345556,True,camera,vehicle,False,,False,0.0
10.09999999999998,follower,0.0,0,2.802015350345556,False,2.802015350345556,False,2.802015350345556,False,2.802015350345556,True,camera,vehicle,False,,False,0.0
10.19999999999998,follower,0.0,0,2.802015350345556,False,2.802015350345556,False,2.802015350345556,False,2.802015350345556,True,camera,vehicle,False,,False,0.0
10.29999999999998,follower,0.0,0,2.802015350345556,False,2.802015350345556,False,2.802015350345556,False,2.802015350345556,True,camera,vehicle,False,,False,0.0
10.399999999999979,follower,0.0,0,2.802015350345556,False,2.802015350345556,False,2.802015350345556,False,2.802015350345556,True,camera,vehicle,False,,False,0.0
10.499999999999979,follower,0.0,0,2.802015350345556,False,2.802015350345556,False,2.802015350345556,False,2.802015350345556,True,camera,vehicle,False,,False,0.0
10.599999999999978,follower,0.0,0,2.802015350345556,False,2.802015350345556,False,2.802015350345556,False,2.802015350345556,True,camera,vehicle,False,,False,0.0
10.699999999999978,follower,0.0,0,2.802015350345556,False,2.802015350345556,False,2.802015350345556,False,2.802015350345556,True,camera,vehicle,False,,False,0.0
10.799999999999978,follower,0.0,0,2.802015350345556,False,2.802015350345556,False,2.802015350345556,False,2.802015350345556,True,camera,vehicle,False,,False,0.0
10.899999999999977,follower,0.0,0,2.802015350345556,False,2.802015350345556,False,2.802015350345556,False,2.802015350345556,True,camera,vehicle,False,,False,0.0
10.999999999999977,follower,0.0,0,2.802015350345556,False,2.802015350345556,False,2.802015350345556,False,2.802015350345556,True,camera,vehicle,False,,False,0.0
11.099999999999977,follower,0.0,0,2.802015350345556,False,2.802015350345556,False,2.802015350345556,False,2.802015350345556,True,camera,vehicle,False,,False,0.0
11.199999999999976,follower,0.0,0,2.802015350345556,False,2.802015350345556,False,2.802015350345556,False,2.802015350345556,True,camera,vehicle,False,,False,0.0
11.299999999999976,follower,0.0,0,2.802015350345556,False,2.802015350345556,False,2.802015350345556,False,2.802015350345556,True,camera,vehicle,False,,False,0.0
11.399999999999975,follower,0.0,0,2.802015350345556,False,2.802015350345556,False,2.802015350345556,False,2.802015350345556,True,camera,vehicle,False,,False,0.0
11.499999999999975,follower,0.0,0,2.802015350345556,False,2.802015350345556,False,2.802015350345556,False,2.802015350345556,True,camera,vehicle,False,,False,0.0
11.599999999999975,follower,0.0,0,2.802015350345556,False,2.802015350345556,False,2.802015350345556,False,2.802015350345556,True,camera,vehicle,False,,False,0.0
11.699999999999974,follower,0.0,0,2.802015350345556,False,2.802015350345556,False,2.802015350345556,False,2.802015350345556,True,camera,vehicle,False,,False,0.0
11.799999999999974,follower,0.0,0,2.802015350345556,False,2.802015350345556,False,2.802015350345556,False,2.802015350345556,True,camera,vehicle,False,,False,0.0
11.899999999999974,follower,0.0,0,2.802015350345556,False,2.802015350345556,False,2.802015350345556,False,2.802015350345556,True,camera,vehicle,False,,False,0.0
11.999999999999973,follower,0.0,0,2.802015350345556,False,2.802015350345556,False,2.802015350345556,False,2.802015350345556,True,camera,vehicle,False,,False,0.0
12.099999999999973,follower,0.0,0,2.802015350345556,False,2.802015350345556,False,2.802015350345556,False,2.802015350345556,True,camera,vehicle,False,,False,0.0
12.199999999999973,follower,0.0,0,2.802015350345556,False,2.802015350345556,False,2.802015350345556,False,2.802015350345556,True,camera,vehicle,False,,False,0.0
12.299999999999972,follower,0.0,0,2.802015350345556,False,2.802015350345556,False,2.802015350345556,False,2.802015350345556,True,camera,vehicle,False,,False,0.0
12.399999999999972,follower,0.0,0,2.802015350345556,False,2.802015350345556,False,2.802015350345556,False,2.802015350345556,True,camera,vehicle,False,,False,0.0
12.499999999999972,follower,0.0,0,2.802015350345556,False,2.802015350345556,False,2.802015350345556,False,2.802015350345556,True,camera,vehicle,False,,False,0.0
12.599999999999971,follower,0.0,0,2.802015350345556,False,2.802015350345556,False,2.802015350345556,False,2.802015350345556,True,camera,vehicle,False,,False,0.0
12.69999999999997,follower,0.0,0,2.802015350345556,False,2.802015350345556,False,2.802015350345556,False,2.802015350345556,True,camera,vehicle,False,,False,0.0
12.79999999999997,follower,0.0,0,2.802015350345556,False,2.802015350345556,False,2.802015350345556,False,2.802015350345556,True,camera,vehicle,False,,False,0.0
12.89999999999997,follower,0.0,0,2.802015350345556,False,2.802015350345556,False,2.802015350345556,False,2.802015350345556,True,camera,vehicle,False,,False,0.0
12.99999999999997,follower,0.0,0,2.802015350345556,False,2.802015350345556,False,2.802015350345556,False,2.802015350345556,True,camera,vehicle,False,,False,0.0
13.09999999999997,follower,0.0,0,2.802015350345556,False,2.802015350345556,False,2.802015350345556,False,2.802015350345556,True,camera,vehicle,False,,False,0.0
13.199999999999969,follower,0.0,0,2.802015350345556,False,2.802015350345556,False,2.802015350345556,False,2.802015350345556,True,camera,vehicle,False,,False,0.0
13.299999999999969,follower,0.0,0,2.802015350345556,False,2.802015350345556,False,2.802015350345556,False,2.802015350345556,True,camera,vehicle,False,,False,0.0
13.399999999999968,follower,0.0,0,2.802015350345556,False,2.802015350345556,False,2.802015350345556,False,2.802015350345556,True,camera,vehicle,False,,False,0.0
13.499999999999968,follower,0.0,0,2.802015350345556,False,2.802015350345556,False,2.802015350345556,False,2.802015350345556,True,camera,vehicle,False,,False,0.0
13.599999999999968,follower,0.0,0,2.802015350345556,False,2.802015350345556,False,2.802015350345556,False,2.802015350345556,True,camera,vehicle,False,,False,0.0
13.699999999999967,follower,0.0,0,2.802015350345556,False,2.802015350345556,False,2.802015350345556,False,2.802015350345556,True,camera,vehicle,False,,False,0.0
13.799999999999967,follower,0.0,0,2.802015350345556,False,2.802015350345556,False,2.802015350345556,False,2.802015350345556,True,camera,vehicle,False,,False,0.0
13.899999999999967,follower,0.0,0,2.802015350345556,False,2.802015350345556,False,2.802015350345556,False,2.802015350345556,True,camera,vehicle,False,,False,0.0
13.999999999999966,follower,0.0,0,2.802015350345556,False,2.802015350345556,False,2.802015350345556,False,2.802015350345556,True,camera,vehicle,False,,False,0.0
14.099999999999966,follower,0.0,0,2.802015350345556,False,2.802015350345556,False,2.802015350345556,False,2.802015350345556,True,camera,vehicle,False,,False,0.0
14.199999999999966,follower,0.0,0,2.802015350345556,False,2.802015350345556,False,2.802015350345556,False,2.802015350345556,True,camera,vehicle,False,,False,0.0
14.299999999999965,follower,0.0,0,2.802015350345556,False,2.802015350345556,False,2.802015350345556,False,2.802015350345556,True,camera,vehicle,False,,False,0.0
14.399999999999965,follower,0.0,0,2.802015350345556,False,2.802015350345556,False,2.802015350345556,False,2.802015350345556,True,camera,vehicle,False,,False,0.0
14.499999999999964,follower,0.0,0,2.802015350345556,False,2.802015350345556,False,2.802015350345556,False,2.802015350345556,True,camera,vehicle,False,,False,0.0
14.599999999999964,follower,0.0,0,2.802015350345556,False,2.802015350345556,False,2.802015350345556,False,2.802015350345556,True,camera,vehicle,False,,False,0.0
14.699999999999964,follower,0.0,0,2.802015350345556,False,2.802015350345556,False,2.802015350345556,False,2.802015350345556,True,camera,vehicle,False,,False,0.0
14.799999999999963,follower,0.0,0,2.802015350345556,False,2.802015350345556,False,2.802015350345556,False,2.802015350345556,True,camera,vehicle,False,,False,0.0
14.899999999999963,follower,0.0,0,2.802015350345556,False,2.802015350345556,False,2.802015350345556,False,2.802015350345556,True,camera,vehicle,False,,False,0.0
14.999999999999963,follower,0.0,0,2.802015350345556,False,2.802015350345556,False,2.802015350345556,False,2.802015350345556,True,camera,vehicle,False,,False,0.0
15.099999999999962,follower,0.0,0,2.802015350345556,False,2.802015350345556,False,2.802015350345556,False,2.802015350345556,True,camera,vehicle,False,,False,0.0
15.199999999999962,follower,0.0,0,2.802015350345556,False,2.802015350345556,False,2.802015350345556,False,2.802015350345556,True,camera,vehicle,False,,False,0.0
15.299999999999962,follower,0.0,0,2.802015350345556,False,2.802015350345556,False,2.802015350345556,False,2.802015350345556,True,camera,vehicle,False,,False,0.0
15.399999999999961,follower,0.0,0,2.802015350345556,False,2.802015350345556,False,2.802015350345556,False,2.802015350345556,True,camera,vehicle,False,,False,0.0
15.499999999999961,follower,0.0,0,2.802015350345556,False,2.802015350345556,False,2.802015350345556,False,2.802015350345556,True,camera,vehicle,False,,False,0.0
15.59999999999996,follower,0.0,0,2.802015350345556,False,2.802015350345556,False,2.802015350345556,False,2.802015350345556,True,camera,vehicle,False,,False,0.0
15.69999999999996,follower,0.0,0,2.802015350345556,False,2.802015350345556,False,2.802015350345556,False,2.802015350345556,True,camera,vehicle,False,,False,0.0
15.79999999999996,follower,0.0,0,2.802015350345556,False,2.802015350345556,False,2.802015350345556,False,2.802015350345556,True,camera,vehicle,False,,False,0.0
15.89999999999996,follower,0.0,0,2.802015350345556,False,2.802015350345556,False,2.802015350345556,False,2.802015350345556,True,camera,vehicle,False,,False,0.0
15.99999999999996,follower,0.0,0,2.802015350345556,False,2.802015350345556,False,2.802015350345556,False,2.802015350345556,True,camera,vehicle,False,,False,0.0
16.09999999999996,follower,0.0,0,2.802015350345556,False,2.802015350345556,False,2.802015350345556,False,2.802015350345556,True,camera,vehicle,False,,False,0.0
16.19999999999996,follower,0.0,0,2.802015350345556,False,2.802015350345556,False,2.802015350345556,False,2.802015350345556,True,camera,vehicle,False,,False,0.0
16.29999999999996,follower,0.0,0,2.802015350345556,False,2.802015350345556,False,2.802015350345556,False,2.802015350345556,True,camera,vehicle,False,,False,0.0
16.399999999999963,follower,0.0,0,2.802015350345556,False,2.802015350345556,False,2.802015350345556,False,2.802015350345556,True,camera,vehicle,False,,False,0.0
16.499999999999964,follower,0.0,0,2.802015350345556,False,2.802015350345556,False,2.802015350345556,False,2.802015350345556,True,camera,vehicle,False,,False,0.0
16.599999999999966,follower,0.0,0,2.802015350345556,False,2.802015350345556,False,2.802015350345556,False,2.802015350345556,True,camera,vehicle,False,,False,0.0
16.699999999999967,follower,0.0,0,2.802015350345556,False,2.802015350345556,False,2.802015350345556,False,2.802015350345556,True,camera,vehicle,False,,False,0.0
16.79999999999997,follower,0.0,0,2.802015350345556,False,2.802015350345556,False,2.802015350345556,False,2.802015350345556,True,camera,vehicle,False,,False,0.0
16.89999999999997,follower,0.0,0,2.802015350345556,False,2.802015350345556,False,2.802015350345556,False,2.802015350345556,True,camera,vehicle,False,,False,0.0
16.99999999999997,follower,0.0,0,2.802015350345556,False,2.802015350345556,False,2.802015350345556,False,2.802015350345556,True,camera,vehicle,False,,False,0.0
17.099999999999973,follower,0.0,0,2.802015350345556,False,2.802015350345556,False,2.802015350345556,False,2.802015350345556,True,camera,vehicle,False,,False,0.0
17.199999999999974,follower,0.0,0,2.802015350345556,False,2.802015350345556,False,2.802015350345556,False,2.802015350345556,True,camera,vehicle,False,,False,0.0
17.299999999999976,follower,0.0,0,2.802015350345556,False,2.802015350345556,False,2.802015350345556,False,2.802015350345556,True,camera,vehicle,False,,False,0.0
17.399999999999977,follower,0.0,0,2.802015350345556,False,2.802015350345556,False,2.802015350345556,False,2.802015350345556,True,camera,vehicle,False,,False,0.0
17.49999999999998,follower,0.0,0,2.802015350345556,False,2.802015350345556,False,2.802015350345556,False,2.802015350345556,True,camera,vehicle,False,,False,0.0
17.59999999999998,follower,0.0,0,2.802015350345556,False,2.802015350345556,False,2.802015350345556,False,2.802015350345556,True,camera,vehicle,False,,False,0.0
17.69999999999998,follower,0.0,0,2.802015350345556,False,2.802015350345556,False,2.802015350345556,False,2.802015350345556,True,camera,vehicle,False,,False,0.0
17.799999999999983,follower,0.0,0,2.802015350345556,False,2.802015350345556,False,2.802015350345556,False,2.802015350345556,True,camera,vehicle,False,,False,0.0
17.899999999999984,follower,0.0,0,2.802015350345556,False,2.802015350345556,False,2.802015350345556,False,2.802015350345556,True,camera,vehicle,False,,False,0.0
17.999999999999986,follower,0.0,0,2.802015350345556,False,2.802015350345556,False,2.802015350345556,False,2.802015350345556,True,camera,vehicle,False,,False,0.0
18.099999999999987,follower,0.0,0,2.802015350345556,False,2.802015350345556,False,2.802015350345556,False,2.802015350345556,True,camera,vehicle,False,,False,0.0
18.19999999999999,follower,0.0,0,2.802015350345556,False,2.802015350345556,False,2.802015350345556,False,2.802015350345556,True,camera,vehicle,False,,False,0.0
18.29999999999999,follower,0.0,0,2.802015350345556,False,2.802015350345556,False,2.802015350345556,False,2.802015350345556,True,camera,vehicle,False,,False,0.0
18.39999999999999,follower,0.0,0,2.802015350345556,False,2.802015350345556,False,2.802015350345556,False,2.802015350345556,True,camera,vehicle,False,,False,0.0
18.499999999999993,follower,0.0,0,2.802015350345556,False,2.802015350345556,False,2.802015350345556,False,2.802015350345556,True,camera,vehicle,False,,False,0.0
18.599999999999994,follower,0.0,0,2.802015350345556,False,2.802015350345556,False,2.802015350345556,False,2.802015350345556,True,camera,vehicle,False,,False,0.0
18.699999999999996,follower,0.0,0,2.802015350345556,False,2.802015350345556,False,2.802015350345556,False,2.802015350345556,True,camera,vehicle,False,,False,0.0
18.799999999999997,follower,0.0,0,2.802015350345556,False,2.802015350345556,False,2.802015350345556,False,2.802015350345556,True,camera,vehicle,False,,False,0.0
18.9,follower,0.0,0,2.802015350345556,False,2.802015350345556,False,2.802015350345556,False,2.802015350345556,True,camera,vehicle,False,,False,0.0
19.0,follower,0.0,0,2.802015350345556,False,2.802015350345556,False,2.802015350345556,False,2.802015350345556,True,camera,vehicle,False,,False,0.0
19.1,follower,0.0,0,2.802015350345556,False,2.802015350345556,False,2.802015350345556,False,2.802015350345556,True,camera,vehicle,False,,False,0.0
19.200000000000003,follower,0.0,0,2.802015350345556,False,2.802015350345556,False,2.802015350345556,False,2.802015350345556,True,camera,vehicle,False,,False,0.0
19.300000000000004,follower,0.0,0,2.802015350345556,False,2.802015350345556,False,2.802015350345556,False,2.802015350345556,True,camera,vehicle,False,,False,0.0
19.400000000000006,follower,0.0,0,2.802015350345556,False,2.802015350345556,False,2.802015350345556,False,2.802015350345556,True,camera,vehicle,False,,False,0.0
19.500000000000007,follower,0.0,0,2.802015350345556,False,2.802015350345556,False,2.802015350345556,False,2.802015350345556,True,camera,vehicle,False,,False,0.0
19.60000000000001,follower,0.0,0,2.802015350345556,False,2.802015350345556,False,2.802015350345556,False,2.802015350345556,True,camera,vehicle,False,,False,0.0
19.70000000000001,follower,0.0,0,2.802015350345556,False,2.802015350345556,False,2.802015350345556,False,2.802015350345556,True,camera,vehicle,False,,False,0.0
19.80000000000001,follower,0.0,0,2.802015350345556,False,2.802015350345556,False,2.802015350345556,False,2.802015350345556,True,camera,vehicle,False,,False,0.0
19.900000000000013,follower,0.0,0,2.802015350345556,False,2.802015350345556,False,2.802015350345556,False,2.802015350345556,True,camera,vehicle,False,,False,0.0
