run_id,random_seed,solo.fusion_policy,vehicle_id,collided,severity,collision_time,min_speed_mph,final_speed_mph
0,0,camera_priority,solo,False,,,0.0,43.84
1,0,majority_vote,solo,False,,,0.0,43.84
2,0,confidence_weighted,solo,True,serious,7.499999999999989,0.0,0.0
3,0,plausibility_filtered,solo,False,,,0.0,43.84
4,1,camera_priority,solo,False,,,0.0,43.84
5,1,majority_vote,solo,False,,,0.0,43.84
6,1,confidence_weighted,solo,True,serious,7.499999999999989,0.0,0.0
7,1,plausibility_filtered,solo,False,,,0.0,43.84
8,2,camera_priority,solo,False,,,0.0,43.84
9,2,majority_vote,solo,False,,,0.0,43.84
10,2,confidence_weighted,solo,True,fatal,7.499999999999989,0.0,0.0
11,2,plausibility_filtered,solo,False,,,0.0,43.84
12,3,camera_priority,solo,False,,,0.0,43.84
13,3,majority_vote,solo,False,,,0.0,43.84
14,3,confidence_weighted,solo,True,fatal,7.499999999999989,0.0,0.0
15,3,plausibility_filtered,solo,False,,,0.0,43.84
16,4,camera_priority,solo,False,,,0.0,43.84
17,4,majority_vote,solo,False,,,0.0,43.84
18,4,confidence_weighted,solo,True,fatal,7.499999999999989,0.0,0.0
19,4,plausibility_filtered,solo,False,,,0.0,43.84
20,5,camera_priority,solo,False,,,0.0,43.84
21,5,majority_vote,solo,False,,,0.0,43.84
22,5,confidence_weighted,solo,True,serious,7.499999999999989,0.0,0.0
23,5,plausibility_filtered,solo,False,,,0.0,43.84
24,6,camera_priority,solo,False,,,0.0,43.84
25,6,majority_vote,solo,False,,,0.0,43.84
26,6,confidence_weighted,solo,True,serious,7.499999999999989,0.0,0.0
27,6,plausibility_filtered,solo,False,,,0.0,43.84
28,7,camera_priority,solo,False,,,0.0,43.84
29,7,majority_vote,solo,False,,,0.0,43.84
30,7,confidence_weighted,solo,True,serious,7.499999999999989,0.0,0.0
31,7,plausibility_filtered,solo,False,,,0.0,43.84
32,8,camera_priority,solo,False,,,0.0,43.84
33,8,majority_vote,solo,False,,,0.0,43.84
34,8,confidence_weighted,solo,True,fatal,7.499999999999989,0.0,0.0
35,8,plausibility_filtered,solo,False,,,0.0,43.84
36,9,camera_priority,solo,False,,,0.0,43.84
37,9,majority_vote,solo,False,,,0.0,43.84
38,9,confidence_weighted,solo,True,fatal,7.499999999999989,0.0,0.0
39,9,plausibility_filtered,solo,False,,,0.0,43.84
40,10,camera_priority,solo,False,,,0.0,43.84
41,10,majority_vote,solo,False,,,0.0,43.84
42,10,confidence_weighted,solo,True,serious,7.499999999999989,0.0,0.0
43,10,plausibility_filtered,solo,False,,,0.0,43.84
44,11,camera_priority,solo,False,,,0.0,43.84
45,11,majority_vote,solo,False,,,0.0,43.84
46,11,confidence_weighted,solo,True,serious,7.499999999999989,0.0,0.0
47,11,plausibility_filtered,solo,False,,,0.0,43.84
48,12,camera_priority,solo,False,,,0.0,43.84
49,12,majority_vote,solo,False,,,0.0,43.84
50,12,confidence_weighted,solo,True,serious,7.499999999999989,0.0,0.0
51,12,plausibility_filtered,solo,False,,,0.0,43.84
52,13,camera_priority,solo,False,,,0.0,43.84
53,13,majority_vote,solo,False,,,0.0,43.84
54,13,confidence_weighted,solo,True,serious,7.499999999999989,0.0,0.0
55,13,plausibility_filtered,solo,False,,,0.0,43.84
56,14,camera_priority,solo,False,,,0.0,43.84
57,14,majority_vote,solo,False,,,0.0,43.84
58,14,confidence_weighted,solo,True,serious,7.499999999999989,0.0,0.0
59,14,plausibility_filtered,solo,False,,,0.0,43.84
60,15,camera_priority,solo,False,,,0.0,43.84
61,15,majority_vote,solo,False,,,0.0,43.84
62,15,confidence_weighted,solo,True,serious,7.499999999999989,0.0,0.0
63,15,plausibility_filtered,solo,False,,,0.0,43.84
64,16,camera_priority,solo,False,,,0.0,43.84
65,16,majority_vote,solo,False,,,0.0,43.84
66,16,confidence_weighted,solo,True,serious,7.499999999999989,0.0,0.0
67,16,plausibility_filtered,solo,False,,,0.0,43.84
68,17,camera_priority,solo,False,,,0.0,43.84
69,17,majority_vote,solo,False,,,0.0,43.84
70,17,confidence_weighted,solo,True,serious,7.499999999999989,0.0,0.0
71,17,plausibility_filtered,solo,False,,,0.0,43.84
72,18,camera_priority,solo,False,,,0.0,43.84
73,18,majority_vote,solo,False,,,0.0,43.84
74,18,confidence_weighted,solo,True,fatal,7.499999999999989,0.0,0.0
75,18,plausibility_filtered,solo,False,,,0.0,43.84
76,19,camera_priority,solo,False,,,0.0,43.84
77,19,majority_vote,solo,False,,,0.0,43.84
78,19,confidence_weighted,solo,True,serious,7.499999999999989,0.0,0.0
79,19,plausibility_filtered,solo,False,,,0.0,43.84
80,20,camera_priority,solo,False,,,0.0,43.84
81,20,majority_vote,solo,False,,,0.0,43.84
82,20,confidence_weighted,solo,True,serious,7.499999999999989,0.0,0.0
83,20,plausibility_filtered,solo,False,,,0.0,43.84
84,21,camera_priority,solo,False,,,0.0,43.84
85,21,majority_vote,solo,False,,,0.0,43.84
86,21,confidence_weighted,solo,True,serious,7.499999999999989,0.0,0.0
87,21,plausibility_filtered,solo,False,,,0.0,43.84
88,22,camera_priority,solo,False,,,0.0,43.84
89,22,majority_vote,solo,False,,,0.0,43.84
90,22,confidence_weighted,solo,True,fatal,7.499999999999989,0.0,0.0
91,22,plausibility_filtered,solo,False,,,0.0,43.84
92,23,camera_priority,solo,False,,,0.0,43.84
93,23,majority_vote,solo,False,,,0.0,43.84
94,23,confidence_weighted,solo,True,serious,7.499999999999989,0.0,0.0
95,23,plausibility_filtered,solo,False,,,0.0,43.84
96,24,camera_priority,solo,False,,,0.0,43.84
97,24,majority_vote,solo,False,,,0.0,43.84
98,24,confidence_weighted,solo,True,fatal,7.499999999999989,0.0,0.0
99,24,plausibility_filtered,solo,False,,,0.0,43.84
100,25,camera_priority,solo,False,,,0.0,43.84
101,25,majority_vote,solo,False,,,0.0,43.84
102,25,confidence_weighted,solo,True,serious,7.499999999999989,0.0,0.0
103,25,plausibility_filtered,solo,False,,,0.0,43.84
104,26,camera_priority,solo,False,,,0.0,43.84
105,26,majority_vote,solo,False,,,0.0,43.84
106,26,confidence_weighted,solo,True,fatal,7.499999999999989,0.0,0.0
107,26,plausibility_filtered,solo,False,,,0.0,43.84
108,27,camera_priority,solo,False,,,0.0,43.84
109,27,majority_vote,solo,False,,,0.0,43.84
110,27,confidence_weighted,solo,True,serious,7.499999999999989,0.0,0.0
111,27,plausibility_filtered,solo,False,,,0.0,43.84
112,28,camera_priority,solo,False,,,0.0,43.84
113,28,majority_vote,solo,False,,,0.0,43.84
114,28,confidence_weighted,solo,True,serious,7.499999999999989,0.0,0.0
115,28,plausibility_filtered,solo,False,,,0.0,43.84
116,29,camera_priority,solo,False,,,0.0,43.84
117,29,majority_vote,solo,False,,,0.0,43.84
118,29,confidence_weighted,solo,True,serious,7.499999999999989,0.0,0.0
119,29,plausibility_filtered,solo,False,,,0.0,43.84
